complex_name,uniprot_1,uniprot_2,uniprot_3,uniprot_4,uniprot_5,transmembrane,peripheral,secreted,secreted_desc,secreted_highlight,receptor,receptor_desc,integrin,other,other_desc,pdb_id,pdb_structure,stoichiometry,comments_complex,reactome_reaction,reactome_complex,complexPortal_complex,rhea_reaction,curator,version
Dehydroepiandrosterone_bySTS,Q8TF42,,,,,FALSE,FALSE,TRUE,,FALSE,FALSE,,FALSE,TRUE,biosynthesis_enzyme,,False,,,,,,,LGarciaAlonso,CellPhoneDBcore<=4.1
DHEAsulfate_bySULT2B,P50225,,,,,FALSE,FALSE,TRUE,,FALSE,FALSE,,FALSE,TRUE,biosynthesis_enzyme,,False,,,,,,,LGarciaAlonso,CellPhoneDBcore<=4.1
Dihydrotestosterone_bySRD5A3,Q9H8P0,,,,,FALSE,FALSE,TRUE,,FALSE,FALSE,,FALSE,TRUE,biosynthesis_enzyme,,False,,,,,,,LGarciaAlonso,CellPhoneDBcore<=4.1
Dihydrotestosterone_bySRD5A1,P18405,,,,,FALSE,FALSE,TRUE,,FALSE,FALSE,,FALSE,TRUE,biosynthesis_enzyme,,False,,,,,,,LGarciaAlonso,CellPhoneDBcore<=4.1
Dihydrotestosterone_bySRD5A2,P31213,,,,,FALSE,FALSE,TRUE,,FALSE,FALSE,,FALSE,TRUE,biosynthesis_enzyme,,False,,,,,,,LGarciaAlonso,CellPhoneDBcore<=4.1
DHEAsulfate_bySULT1E1,P49888,,,,,FALSE,FALSE,TRUE,,FALSE,FALSE,,FALSE,TRUE,biosynthesis_enzyme,,False,,,,,,,LGarciaAlonso,CellPhoneDBcore<=4.1
DHEAsulfate_bySULT2A1,Q06520,,,,,FALSE,FALSE,TRUE,,FALSE,FALSE,,FALSE,TRUE,biosynthesis_enzyme,,False,,,,,,,LGarciaAlonso,CellPhoneDBcore<=4.1
Desoxycorticosterone_byCYP21A2,P08686,,,,,FALSE,FALSE,TRUE,,FALSE,FALSE,,FALSE,TRUE,biosynthesis_enzyme,,False,,,,,,,LGarciaAlonso,CellPhoneDBcore<=4.1
Desmosterol_byDHCR7,Q9UBM7,,,,,FALSE,FALSE,TRUE,,FALSE,FALSE,,FALSE,TRUE,biosynthesis_enzyme,,False,,,,,,,LGarciaAlonso,CellPhoneDBcore<=4.1
12oxoLeukotrieneB4_byPTGR1,Q14914,,,,,FALSE,FALSE,TRUE,CHEBI:27814,TRUE,FALSE,,FALSE,TRUE,biosynthesis_enzyme,,False,,,R-HSA-2161567,,,RHEA:50609,LGarciaAlonso,CellPhoneDBcore<=4.1
22Hydroxycholesterol_byCYP11A1,P05108,,,,,FALSE,FALSE,TRUE,CHEBI:67237,TRUE,FALSE,,FALSE,TRUE,biosynthesis_enzyme,,False,,,,,,RHEA:34340;RHEA:34335,LGarciaAlonso,CellPhoneDBcore<=4.1
22Hydroxycholesterol_byCYP3A4,P08684,,,,,FALSE,FALSE,TRUE,CHEBI:67237,TRUE,FALSE,,FALSE,TRUE,biosynthesis_enzyme,,False,,,,,,RHEA:46140,LGarciaAlonso,CellPhoneDBcore<=4.1
2arachidonoylglycerol_byDAGLA,Q9Y4D2,,,,,FALSE,FALSE,TRUE,CHEBI:52392,TRUE,FALSE,,FALSE,TRUE,biosynthesis_enzyme,,False,,,,R-HSA-426032,,,LGarciaAlonso,CellPhoneDBcore<=4.1
2arachidonoylglycerol_byDAGLB,Q8NCG7,,,,,FALSE,FALSE,TRUE,CHEBI:52392,TRUE,FALSE,,FALSE,TRUE,biosynthesis_enzyme,,False,,,,R-HSA-426032,,,LGarciaAlonso,CellPhoneDBcore<=4.1
5alphaDihydroprogesterone_byDHRS9,Q9BPW9,,,,,FALSE,FALSE,TRUE,CHEBI:28952,TRUE,FALSE,,FALSE,TRUE,biosynthesis_enzyme,,False,,,,,,RHEA:41988,LGarciaAlonso,CellPhoneDBcore<=4.1
5SHpETE_byALOX5,P09917,Q16873,P20292,,,FALSE,FALSE,TRUE,CHEBI:15632,TRUE,FALSE,,FALSE,TRUE,biosynthesis_enzyme,,False,,,R-HSA-265296,,,RHEA:17486,LGarciaAlonso,CellPhoneDBcore<=4.1
Acetylcholine_byCHAT,P28329,,,,,FALSE,FALSE,TRUE,CHEBI:15355,TRUE,FALSE,,FALSE,TRUE,biosynthesis_enzyme,,False,,,R-HSA-264622,,,RHEA:18822,LGarciaAlonso,CellPhoneDBcore<=4.1
AcetylcholineReceptor_a2b3,Q15822,Q05901,,,,TRUE,FALSE,FALSE,,FALSE,TRUE,,FALSE,FALSE,,,False,,,,R-HSA-633846,,,LGarciaAlonso,CellPhoneDBcore<=4.1
AcetylcholineReceptor_a3b2a5,P32297,P17787,P30532,,,TRUE,FALSE,FALSE,,FALSE,TRUE,,FALSE,FALSE,,,False,,,,R-HSA-629584,,,LGarciaAlonso,CellPhoneDBcore<=4.1
AcetylcholineReceptor_a3b4,P32297,P30926,,,,TRUE,FALSE,FALSE,,FALSE,TRUE,,FALSE,FALSE,,,False,,,,R-HSA-629575,,,LGarciaAlonso,CellPhoneDBcore<=4.1
AcetylcholineReceptor_a3b4a5,P32297,P30926,P30532,,,TRUE,FALSE,FALSE,,FALSE,TRUE,,FALSE,FALSE,,,False,,,,R-HSA-629582,,,LGarciaAlonso,CellPhoneDBcore<=4.1
AcetylcholineReceptor_a4b2,P43681,P17787,,,,TRUE,FALSE,FALSE,,FALSE,TRUE,,FALSE,FALSE,,,False,,,,R-HSA-532625,,,LGarciaAlonso,CellPhoneDBcore<=4.1
AcetylcholineReceptor_a6a4b3,Q15825,P43681,Q05901,,,TRUE,FALSE,FALSE,,FALSE,TRUE,,FALSE,FALSE,,,False,,,,R-HSA-633773,,,LGarciaAlonso,CellPhoneDBcore<=4.1
AcetylcholineReceptor_a6b3b4,Q15825,Q05901,P30926,,,TRUE,FALSE,FALSE,,FALSE,TRUE,,FALSE,FALSE,,,False,,,,R-HSA-549002,,,LGarciaAlonso,CellPhoneDBcore<=4.1
Activin_ligand_ab,P08476,P09529,,,,FALSE,FALSE,TRUE,TGFb,TRUE,FALSE,,FALSE,FALSE,,,False,,,,,,,RVentoTormo,CellPhoneDBcore<=4.1
Inhibin_ligand_A,P08476,P05111,,,,FALSE,FALSE,TRUE,TGFb,TRUE,FALSE,,FALSE,FALSE,,,False,,,,,,,RVentoTormo,CellPhoneDBcore<=4.1
Inhibin_ligand_B,P09529,P05111,,,,FALSE,FALSE,TRUE,TGFb,TRUE,FALSE,,FALSE,FALSE,,,False,,,,,,,RVentoTormo,CellPhoneDBcore<=4.1
ACVL1_ACVR2A,P37023,P27037,,,,TRUE,FALSE,FALSE,,FALSE,TRUE,,FALSE,FALSE,,,False,,,,,,,LGarciaAlonso,CellPhoneDBcore<=4.1
ACVL1_BMPR2,P37023,Q13873,,,,TRUE,FALSE,FALSE,,FALSE,TRUE,,FALSE,FALSE,,,False,,,,,,,RVentoTormo,CellPhoneDBcore<=4.1
ACVR_1A2A_receptor,Q04771,P27037,,,,TRUE,FALSE,FALSE,,FALSE,TRUE,TGFBeta_receptor_add,FALSE,FALSE,,,False,,Transmembrane_serine_threonine_kinase_activin_type_1_receptor_forming_an_activin_receptor_complex_with_activin_receptor_type_2_(ACVR2A_or_ACVR2B),,,,,RVentoTormo,CellPhoneDBcore<=4.1
ACVR_1A2B_receptor,Q04771,Q13705,,,,TRUE,FALSE,FALSE,,FALSE,TRUE,TGFBeta_receptor_add,FALSE,FALSE,,,False,,Transmembrane_serine_threonine_kinase_activin_type_1_receptor_forming_an_activin_receptor_complex_with_activin_receptor_type_2_(ACVR2A_or_ACVR2B),,,,,RVentoTormo,CellPhoneDBcore<=4.1
ACVR_1B2A_receptor,P36896,P27037,,,,TRUE,FALSE,FALSE,,FALSE,TRUE,TGFBeta_receptor_add,FALSE,FALSE,,,False,,Transmembrane_serine_threonine_kinase_activin_type_1_receptor_forming_an_activin_receptor_complex_with_activin_receptor_type_2_(ACVR2A_or_ACVR2B),,,,,RVentoTormo,CellPhoneDBcore<=4.1
ACVR_1B2B_receptor,P36896,Q13705,,,,TRUE,FALSE,FALSE,,FALSE,TRUE,TGFBeta_receptor_add,FALSE,FALSE,,,False,,Transmembrane_serine_threonine_kinase_activin_type_1_receptor_forming_an_activin_receptor_complex_with_activin_receptor_type_2_(ACVR2A_or_ACVR2B),,,,,RVentoTormo,CellPhoneDBcore<=4.1
ACVR_1C2A_receptor,Q8NER5,P27037,,,,TRUE,FALSE,FALSE,,FALSE,TRUE,,FALSE,FALSE,,,False,,,,,,,RVentoTormo,CellPhoneDBcore<=4.1
ACVR_1C2B_receptor,Q8NER5,Q13705,,,,TRUE,FALSE,FALSE,,FALSE,TRUE,,FALSE,FALSE,,,False,,,,,,,RVentoTormo,CellPhoneDBcore<=4.1
ACVR1_BMPR2,Q04771,Q13873,,,,TRUE,FALSE,FALSE,,FALSE,TRUE,,FALSE,FALSE,,,False,,,,,,,RVentoTormo,CellPhoneDBcore<=4.1
ADR_complex,Q96A54,Q86V24,,,,TRUE,FALSE,FALSE,,FALSE,TRUE,,FALSE,FALSE,,,False,,May_form_homooligomers_and_heterooligomers_with_ADIPOR2,,,,,RVentoTormo,CellPhoneDBcore<=4.1
AldosteroneCorticosterone_byCYP11B2,P19099,,,,,FALSE,FALSE,TRUE,CHEBI:27584;CHEBI:16827,TRUE,FALSE,,FALSE,TRUE,biosynthesis_enzyme,,False,,,R-HSA-193965,,,RHEA:50792,LGarciaAlonso,CellPhoneDBcore<=4.1
AMY1_receptor,P30988,O60894,,,,TRUE,FALSE,FALSE,,FALSE,TRUE,,FALSE,FALSE,,,False,,,,,,,LGarciaAlonso,CellPhoneDBcore<=4.1
AMY2_receptor,P30988,O60895,,,,TRUE,FALSE,FALSE,,FALSE,TRUE,,FALSE,FALSE,,,False,,,,,,,LGarciaAlonso,CellPhoneDBcore<=4.1
AMY3_receptor,P30988,O60896,,,,TRUE,FALSE,FALSE,,FALSE,TRUE,,FALSE,FALSE,,,False,,,,,,,LGarciaAlonso,CellPhoneDBcore<=4.1
Androstenedione_byCYP17A1,P05093,,,,,FALSE,FALSE,TRUE,CHEBI:16422,TRUE,FALSE,,FALSE,TRUE,biosynthesis_enzyme,,False,,,R-HSA-193099,,,RHEA:14753,LGarciaAlonso,CellPhoneDBcore<=4.1
Androsterone_byHSD17B6,O14756,,,,,FALSE,FALSE,TRUE,CHEBI:16032,TRUE,FALSE,,FALSE,TRUE,biosynthesis_enzyme,,False,,uniprot;PMID:10896656;PMID:11360992,,,,,LGarciaAlonso,CellPhoneDBcore<=4.1
atRetinoicAcid_byALDH1A1,P00352,,,,,FALSE,FALSE,TRUE,CHEBI:15367,TRUE,FALSE,,FALSE,TRUE,biosynthesis_enzyme,,False,,,R-HSA-5362522,,,RHEA:42081,LGarciaAlonso,CellPhoneDBcore<=4.1
atRetinoicAcid_byALDH1A2,O94788,,,,,FALSE,FALSE,TRUE,CHEBI:15367,TRUE,FALSE,,FALSE,TRUE,biosynthesis_enzyme,,False,,,R-HSA-5362522,,,RHEA:42081,LGarciaAlonso,CellPhoneDBcore<=4.1
atRetinoicAcid_byALDH1A3,P47895,,,,,FALSE,FALSE,TRUE,CHEBI:15367,TRUE,FALSE,,FALSE,TRUE,biosynthesis_enzyme,,False,,,R-HSA-5362522,,,RHEA:42081,LGarciaAlonso,CellPhoneDBcore<=4.1
BCR_CD45_CD22,P11274,P08575,P20273,,,TRUE,FALSE,FALSE,,FALSE,TRUE,,FALSE,FALSE,,,False,,,,,,,LGarciaAlonso,CellPhoneDBcore<=4.1
BetaKlotho_FGFR4,P22455,Q86Z14,,,,TRUE,FALSE,FALSE,,FALSE,FALSE,,FALSE,FALSE,,,False,,,,,,,LGarciaAlonso,CellPhoneDBcore<=4.1
BMP9_BMP15,Q9UK05,O95972,,,,FALSE,FALSE,TRUE,,TRUE,FALSE,,FALSE,FALSE,,,False,,,,,,,LGarciaAlonso,CellPhoneDBcore<=4.1
BMPR1A_BMPR2,P36894,Q13873,,,,TRUE,FALSE,FALSE,,FALSE,TRUE,,FALSE,FALSE,,,False,,"On_ligand_binding,_forms_a_receptor_complex_consisting_of_two_type_II_and_two_type_I_transmembrane_serine_threonine_kinases",,,,,RVentoTormo,CellPhoneDBcore<=4.1
BMPR1B_BMPR2,O00238,Q13873,,,,TRUE,FALSE,FALSE,,FALSE,TRUE,TGFBeta_receptor_add,FALSE,FALSE,,,False,,Serine_threonine_kinase_heterodimer_upon_ligand_binding,,,,,RVentoTormo,CellPhoneDBcore<=4.1
BMPR1B_BMPR2_ACVR1B,O00238,Q13873,P36896,,,TRUE,FALSE,FALSE,,FALSE,TRUE,TGFBeta_receptor_add,FALSE,FALSE,,,False,,Serine_threonine_kinase_heterodimer_upon_ligand_binding,,,,,LGarciaAlonso,CellPhoneDBcore<=4.1
BMR1A_ACR2A,P36894,P27037,,,,TRUE,FALSE,FALSE,,FALSE,TRUE,,FALSE,FALSE,,,False,,,,,,,RVentoTormo,CellPhoneDBcore<=4.1
BMR1A_AVR2B,P36894,Q13705,,,,TRUE,FALSE,FALSE,,FALSE,TRUE,,FALSE,FALSE,,,False,,,,,,,RVentoTormo,CellPhoneDBcore<=4.1
BMR1B_AVR2A,O00238,P27037,,,,TRUE,FALSE,FALSE,,FALSE,TRUE,,FALSE,FALSE,,,False,,,,,,,RVentoTormo,CellPhoneDBcore<=4.1
BMR1B_AVR2B,O00238,Q13705,,,,TRUE,FALSE,FALSE,,FALSE,TRUE,,FALSE,FALSE,,,False,,,,,,,RVentoTormo,CellPhoneDBcore<=4.1
Calcitriol_byCYP27B1,O15528,,,,,FALSE,FALSE,TRUE,CHEBI:17823,TRUE,FALSE,,FALSE,TRUE,biosynthesis_enzyme,,False,,,R-HSA-209868,,,RHEA:20574,LGarciaAlonso,CellPhoneDBcore<=4.1
CatSperChannel1b,Q8NEC5,Q9H7T0,,,,TRUE,FALSE,FALSE,,FALSE,TRUE,,FALSE,FALSE,,,False,,,,R-HSA-2534382,,,LGarciaAlonso,CellPhoneDBcore<=4.1
CatSperChannel1dg,Q8NEC5,Q86XM0,,,,TRUE,FALSE,FALSE,,FALSE,TRUE,,FALSE,FALSE,,,False,,,,R-HSA-2534382,,,LGarciaAlonso,CellPhoneDBcore<=4.1
CatSperChannel2b,Q96P56,Q9H7T0,,,,TRUE,FALSE,FALSE,,FALSE,TRUE,,FALSE,FALSE,,,False,,,,R-HSA-2534382,,,LGarciaAlonso,CellPhoneDBcore<=4.1
CatSperChannel2dg,Q96P56,Q86XM0,,,,TRUE,FALSE,FALSE,,FALSE,TRUE,,FALSE,FALSE,,,False,,,,R-HSA-2534382,,,LGarciaAlonso,CellPhoneDBcore<=4.1
CatSperChannel3b,Q86XQ3,Q9H7T0,,,,TRUE,FALSE,FALSE,,FALSE,TRUE,,FALSE,FALSE,,,False,,,,R-HSA-2534382,,,LGarciaAlonso,CellPhoneDBcore<=4.1
CatSperChannel3dg,Q86XQ3,Q86XM0,,,,TRUE,FALSE,FALSE,,FALSE,TRUE,,FALSE,FALSE,,,False,,,,R-HSA-2534382,,,LGarciaAlonso,CellPhoneDBcore<=4.1
CatSperChannel4b,Q7RTX7,Q9H7T0,,,,TRUE,FALSE,FALSE,,FALSE,TRUE,,FALSE,FALSE,,,False,,,,R-HSA-2534382,,,LGarciaAlonso,CellPhoneDBcore<=4.1
CatSperChannel4dg,Q7RTX7,Q86XM0,,,,TRUE,FALSE,FALSE,,FALSE,TRUE,,FALSE,FALSE,,,False,,,,R-HSA-2534382,,,LGarciaAlonso,CellPhoneDBcore<=4.1
CD1B_complex,P61769,P29016,,,,TRUE,FALSE,FALSE,,FALSE,FALSE,,FALSE,FALSE,,1gzp,True,B2M;CD1B,Heterodimer_with_B2M_(beta_2_microglobulin)_Interacts_with_MHC_II,,,,,RVentoTormo,CellPhoneDBcore<=4.1
CD8_receptor,P01732,P10966,,,,TRUE,FALSE,FALSE,,FALSE,TRUE,T_cell_receptor_add,FALSE,FALSE,,,False,,In_general_heterodimer_of_an_a_and_a_beta_chain_linked_bytwo_disulfide_bonds_Can_also_form_homodimers,,,,,RVentoTormo,CellPhoneDBcore<=4.1
CD94:NKG2A,Q13241,P26715,,,,TRUE,FALSE,FALSE,,FALSE,TRUE,,FALSE,FALSE,,,False,,,,,,,RVentoTormo,CellPhoneDBcore<=4.1
CD94:NKG2C,Q13241,P26717,,,,TRUE,FALSE,FALSE,,FALSE,TRUE,,FALSE,FALSE,,,False,,,,,,,RVentoTormo,CellPhoneDBcore<=4.1
CD94:NKG2E,Q13241,Q07444,,,,TRUE,FALSE,FALSE,,FALSE,TRUE,,FALSE,FALSE,,,False,,,,,,,RVentoTormo,CellPhoneDBcore<=4.1
Cholesterol_byCEL,P19835,,,,,FALSE,FALSE,TRUE,CHEBI:16113,TRUE,FALSE,,FALSE,TRUE,biosynthesis_enzyme,,False,,,R-HSA-192417,,,RHEA:33875,LGarciaAlonso,CellPhoneDBcore<=4.1
Cholesterol_byDHCR24,Q15392,,,,,FALSE,FALSE,TRUE,CHEBI:16113,TRUE,FALSE,,FALSE,TRUE,biosynthesis_enzyme,,False,,,R-HSA-196417,,,RHEA:36393,LGarciaAlonso,CellPhoneDBcore<=4.1
Cholesterol_byDHCR7,Q9UBM7,,,,,FALSE,FALSE,TRUE,CHEBI:16113,TRUE,FALSE,,FALSE,TRUE,biosynthesis_enzyme,,False,,,R-HSA-6807055,,,RHEA:23986,LGarciaAlonso,CellPhoneDBcore<=4.1
Cholesterol_byLIPA,P38571,,,,,FALSE,FALSE,TRUE,CHEBI:16113,TRUE,FALSE,,FALSE,TRUE,biosynthesis_enzyme,,False,,,R-HSA-8865667,,,RHEA:10100,LGarciaAlonso,CellPhoneDBcore<=4.1
CNTF_1R,P26992,P42702,P40189,,,TRUE,FALSE,FALSE,,FALSE,TRUE,Cytokine_receptor_IL6_family,FALSE,FALSE,,,False,,"Heterotrimer_of_the_alpha_subunit,_LIFR_and_IL6ST",,,,,RVentoTormo,CellPhoneDBcore<=4.1
Corticosterone_byCYP11B1,P15538,,,,,FALSE,FALSE,TRUE,CHEBI:16827,TRUE,FALSE,,FALSE,TRUE,biosynthesis_enzyme,,False,,,R-HSA-194017,,,RHEA:46104,LGarciaAlonso,CellPhoneDBcore<=4.1
CUBN_AMN_complex,Q9BXJ7,O60494,,,,TRUE,FALSE,FALSE,,FALSE,TRUE,,FALSE,FALSE,,,False,,,,R-HSA-264830,,,LGarciaAlonso,CellPhoneDBcore<=4.1
Epinephrine_byPNMT,P11086,,,,,FALSE,FALSE,TRUE,CHEBI:28918,TRUE,FALSE,,FALSE,TRUE,biosynthesis_enzyme,,False,,,R-HSA-209903,,,,LGarciaAlonso,CellPhoneDBcore<=4.1
Estradiol_byCYP19A1,P11511,,,,,FALSE,FALSE,TRUE,CHEBI:16469,TRUE,FALSE,,FALSE,TRUE,biosynthesis_enzyme,,False,,,R-HSA-193143,,,RHEA:38191,LGarciaAlonso,CellPhoneDBcore<=4.1
Estradiol_byHSD17B1,P14061,,,,,FALSE,FALSE,TRUE,CHEBI:16469,TRUE,FALSE,,FALSE,TRUE,biosynthesis_enzyme,,False,,,R-HSA-804969,,,,LGarciaAlonso,CellPhoneDBcore<=4.1
FcRn_complex,P61769,P55899,,,,TRUE,FALSE,FALSE,,FALSE,TRUE,Human_IgG_receptor,FALSE,TRUE,"transports_immunoglobulin_G_(IgG)_across_epithelia,",1exu,True,B2M;FCGRT,"FcRn_complex_consist_of_two_subunits:_p51,_and_p14_which_is_equivalent_to_beta_2_microglobulin_It_forms_an_MHC_class_I_like_heterodimer",,,,,RVentoTormo,CellPhoneDBcore<=4.1
FDZ8_RYK,P34925,Q9H461,,,,TRUE,FALSE,FALSE,,FALSE,TRUE,,FALSE,FALSE,,,False,,,,,,,LGarciaAlonso,CellPhoneDBcore<=4.1
fibrinogen,P02671,P02679,P02675,,,FALSE,TRUE,FALSE,,FALSE,FALSE,,FALSE,FALSE,,,False,,,,,,,RVentoTormo,CellPhoneDBcore<=4.1
FLT1_complex,P17948,P35968,,,,TRUE,FALSE,FALSE,,FALSE,TRUE,,FALSE,TRUE,Migration,,False,,Can_also_form_a_heterodimer_with_KDR,,,,,RVentoTormo,CellPhoneDBcore<=4.1
Follitropin,P01215,P01225,,,,FALSE,FALSE,TRUE,,TRUE,FALSE,,FALSE,FALSE,,,False,,,,R-HSA-378947,,,LGarciaAlonso,CellPhoneDBcore<=4.1
FZD1_LRP5,O75197,Q9UP38,,,,TRUE,FALSE,FALSE,,FALSE,FALSE,,FALSE,FALSE,,,False,,,,,,,LGarciaAlonso,CellPhoneDBcore<=4.1
FZD1_LRP6,O75581,Q9UP38,,,,TRUE,FALSE,FALSE,,FALSE,FALSE,,FALSE,FALSE,,,False,,,,,,,LGarciaAlonso,CellPhoneDBcore<=4.1
FZD10_LRP5,O75197,Q9ULW2,,,,TRUE,FALSE,FALSE,,FALSE,FALSE,,FALSE,FALSE,,,False,,,,,,,LGarciaAlonso,CellPhoneDBcore<=4.1
FZD10_LRP6,O75581,Q9ULW2,,,,TRUE,FALSE,FALSE,,FALSE,FALSE,,FALSE,FALSE,,,False,,,,,,,LGarciaAlonso,CellPhoneDBcore<=4.1
FZD2_LRP5,O75197,Q14332,,,,TRUE,FALSE,FALSE,,FALSE,FALSE,,FALSE,FALSE,,,False,,,,,,,LGarciaAlonso,CellPhoneDBcore<=4.1
FZD2_LRP6,O75581,Q14332,,,,TRUE,FALSE,FALSE,,FALSE,FALSE,,FALSE,FALSE,,,False,,,,,,,LGarciaAlonso,CellPhoneDBcore<=4.1
FZD3_LRP5,O75197,Q9NPG1,,,,TRUE,FALSE,FALSE,,FALSE,FALSE,,FALSE,FALSE,,,False,,,,,,,LGarciaAlonso,CellPhoneDBcore<=4.1
FZD3_LRP6,O75581,Q9NPG1,,,,TRUE,FALSE,FALSE,,FALSE,FALSE,,FALSE,FALSE,,,False,,,,,,,LGarciaAlonso,CellPhoneDBcore<=4.1
FZD4_LRP5,O75197,Q9ULV1,,,,TRUE,FALSE,FALSE,,FALSE,FALSE,,FALSE,FALSE,,,False,,,,,,,LGarciaAlonso,CellPhoneDBcore<=4.1
FZD4_LRP6,O75581,Q9ULV1,,,,TRUE,FALSE,FALSE,,FALSE,FALSE,,FALSE,FALSE,,,False,,,,,,,LGarciaAlonso,CellPhoneDBcore<=4.1
FZD5_LRP5,O75197,Q13467,,,,TRUE,FALSE,FALSE,,FALSE,FALSE,,FALSE,FALSE,,,False,,,,,,,LGarciaAlonso,CellPhoneDBcore<=4.1
FZD5_LRP6,O75581,Q13467,,,,TRUE,FALSE,FALSE,,FALSE,FALSE,,FALSE,FALSE,,,False,,,,,,,LGarciaAlonso,CellPhoneDBcore<=4.1
FZD6_LRP5,O75197,O60353,,,,TRUE,FALSE,FALSE,,FALSE,FALSE,,FALSE,FALSE,,,False,,,,,,,LGarciaAlonso,CellPhoneDBcore<=4.1
FZD6_LRP6,O75581,O60353,,,,TRUE,FALSE,FALSE,,FALSE,FALSE,,FALSE,FALSE,,,False,,,,,,,LGarciaAlonso,CellPhoneDBcore<=4.1
FZD7_LRP5,O75197,O75084,,,,TRUE,FALSE,FALSE,,FALSE,FALSE,,FALSE,FALSE,,,False,,,,,,,LGarciaAlonso,CellPhoneDBcore<=4.1
FZD7_LRP6,O75581,O75084,,,,TRUE,FALSE,FALSE,,FALSE,FALSE,,FALSE,FALSE,,,False,,,,,,,LGarciaAlonso,CellPhoneDBcore<=4.1
FZD8_LRP5,O75197,Q9H461,,,,TRUE,FALSE,FALSE,,FALSE,FALSE,,FALSE,FALSE,,,False,,,,,,,LGarciaAlonso,CellPhoneDBcore<=4.1
FZD8_LRP6,O75581,Q9H461,,,,TRUE,FALSE,FALSE,,FALSE,FALSE,,FALSE,FALSE,,,False,,,,,,,LGarciaAlonso,CellPhoneDBcore<=4.1
FZD9_LRP5,O75197,O00144,,,,TRUE,FALSE,FALSE,,FALSE,FALSE,,FALSE,FALSE,,,False,,,,,,,LGarciaAlonso,CellPhoneDBcore<=4.1
FZD9_LRP6,O75581,O00144,,,,TRUE,FALSE,FALSE,,FALSE,FALSE,,FALSE,FALSE,,,False,,,,,,,LGarciaAlonso,CellPhoneDBcore<=4.1
GALR1,P47211,Q8TDV0,,,,TRUE,FALSE,FALSE,,FALSE,TRUE,,FALSE,FALSE,,,False,,,,,,,LGarciaAlonso,CellPhoneDBcore<=4.1
GALR2,O43603,Q8TDV0,,,,TRUE,FALSE,FALSE,,FALSE,TRUE,,FALSE,FALSE,,,False,,,,,,,LGarciaAlonso,CellPhoneDBcore<=4.1
GALR3,O60755,Q8TDV0,,,,TRUE,FALSE,FALSE,,FALSE,TRUE,,FALSE,FALSE,,,False,,,,,,,LGarciaAlonso,CellPhoneDBcore<=4.1
glyco_Lutropin,P01215,P01229,,,,FALSE,FALSE,TRUE,,TRUE,FALSE,,FALSE,FALSE,,,False,,,,R-HSA-378969,,,LGarciaAlonso,CellPhoneDBcore<=4.1
Glycoprotein_Ib_complex,P07359,P13224,,,,TRUE,FALSE,FALSE,,FALSE,TRUE,,FALSE,FALSE,,,False,,Two_GP_Ib_beta_are_disulfide_linked_to_one_GP_Ib_alpha,,,,,RVentoTormo,CellPhoneDBcore<=4.1
GMCSFR,P32927,P15509,,,,TRUE,FALSE,FALSE,,FALSE,TRUE,Cytokine_receptor_IL3_family,FALSE,FALSE,,4nkq,binding,CSF2;CSF2RA;CSF2RB,Heterodimer_of_an_a_and_a_beta_subunit,,,,,RVentoTormo,CellPhoneDBcore<=4.1
Histamine_byHDC,P19113,,,,,FALSE,FALSE,TRUE,CHEBI:18295,TRUE,FALSE,,FALSE,TRUE,biosynthesis_enzyme,,False,,,R-HSA-977301,,,RHEA:20841,LGarciaAlonso,CellPhoneDBcore<=4.1
IGF1R_enhancerComGPC3,P08069,P51654,,,,TRUE,FALSE,FALSE,,FALSE,TRUE,,FALSE,FALSE,,,False,,,,,,,LGarciaAlonso,CellPhoneDBcore<=4.1
IL1_receptor,P14778,Q9NPH3,,,,TRUE,FALSE,FALSE,,FALSE,TRUE,Cytokine_receptor_IL1_family,FALSE,FALSE,,4dep,binding,IL1B;IL1R1;IL1RAP,After_binding_to_interleukin_1_associates_with_the_corecptor_IL1RAP_to_form_the_high_affinity_interleukin_1_receptor_complex,,,,,RVentoTormo,CellPhoneDBcore<=4.1
IL1_receptor_inhibitor,P27930,Q9NPH3,,,,TRUE,FALSE,FALSE,,FALSE,TRUE,Cytokine_receptor_IL1_family,FALSE,FALSE,,3o4o,binding,IL1B;IL1R2;IL1RAP,After_binding_to_interleukin_1_associates_with_the_corecptor_IL1RAP_to_form_the_high_affinity_interleukin_1_receptor_antagonist_complex,,,,,RVentoTormo,CellPhoneDBcore<=4.1
IL10_receptor,Q13651,Q08334,,,,TRUE,FALSE,FALSE,,FALSE,TRUE,Cytokine_receptor_IL10_family,FALSE,FALSE,,,False,,Heterodimer_of_an_alpha_and_a_beta_subunit,,,,,RVentoTormo,CellPhoneDBcore<=4.1
IL11_receptor,Q14626,P40189,,,,TRUE,FALSE,FALSE,,FALSE,TRUE,Cytokine_receptor_IL6_family,FALSE,FALSE,,,False,,"On_ligand_binding,_forms_a_multimer_complex_with_IL6ST_gp130",,,,,RVentoTormo,CellPhoneDBcore<=4.1
IL12,P29459,P29460,,,,FALSE,FALSE,TRUE,"Cytokine_receptor_IL6_family,_IL12_subfamily",TRUE,FALSE,,FALSE,FALSE,,1f45,True,IL12A;IL12B,,,,,,RVentoTormo,CellPhoneDBcore<=4.1
IL12_receptor,P42701,Q99665,,,,TRUE,FALSE,FALSE,,FALSE,TRUE,"Cytokine_receptor_IL6_family,_IL12_subfamily",FALSE,FALSE,,,False,,"Associated_with_IL12RB2_it_forms_a_functional,_high_affinity_receptor_for_IL12",,,,,RVentoTormo,CellPhoneDBcore<=4.1
IL13_receptor,P78552,P24394,,,,TRUE,FALSE,FALSE,,FALSE,TRUE,"Cytokine_receptor_IL2_family,_IL4_subfamily",FALSE,FALSE,,3bpo,binding,IL13;IL13RA1;IL4R,Together_with_IL4RA_can_form_a_functional_receptor_for_IL13,,,,,RVentoTormo,CellPhoneDBcore<=4.1
IL15_receptor,Q13261,P14784,,,,TRUE,FALSE,FALSE,,FALSE,TRUE,Cytokine_receptor_IL2_family,FALSE,FALSE,,4gs7,True,IL15;IL15RA;IL2RB;IL2RG,"The_interleukin_15_receptor_IL15R_is_a_heterotrimer_of_IL15RA,_IL2RB_and_IL2RG",,,,,RVentoTormo,CellPhoneDBcore<=4.1
IL17_AF,Q16552,Q96PD4,,,,FALSE,FALSE,TRUE,Cytokine,TRUE,FALSE,,FALSE,FALSE,,,False,,,,,,,RVentoTormo,CellPhoneDBcore<=4.1
IL17_receptor_AB,Q96F46,Q9NRM6,,,,TRUE,FALSE,FALSE,,FALSE,TRUE,Cytokine_receptor_IL17_family,FALSE,FALSE,,,False,,,,,,,RVentoTormo,CellPhoneDBcore<=4.1
IL17_receptor_AC,Q96F46,Q8NAC3,,,,TRUE,FALSE,FALSE,,FALSE,TRUE,Cytokine_receptor_IL17_family,FALSE,FALSE,,,False,,NA;_the_heterodimer_binds_IL17AF,,,,,RVentoTormo,CellPhoneDBcore<=4.1
IL17_receptor_AE,Q96F46,Q8NFR9,,,,TRUE,FALSE,FALSE,,FALSE,TRUE,Cytokine_receptor_IL17_family,FALSE,FALSE,,,False,,Forms_heterodimers_with_IL17RE;_the_heterodimer_binds_IL17C,,,,,RVentoTormo,CellPhoneDBcore<=4.1
IL18_receptor,Q13478,O95256,,,,TRUE,FALSE,FALSE,,FALSE,TRUE,Cytokine_receptor_IL1_family,FALSE,FALSE,,3wo4,True,IL18;IL18R1;IL18RAP,Cytokine_receptor_family;_Interleukin_18_family,,,,,RVentoTormo,CellPhoneDBcore<=4.1
IL2_receptor_HA,P01589,P14784,P31785,,,TRUE,FALSE,FALSE,,FALSE,TRUE,Cytokine_receptor_IL2_family,FALSE,FALSE,,2b5i,binding,IL2;IL2RA;IL2RB;IL2RG,"A_high_affinity_dimer,_an_intermediate_affinity_monomer_(beta_subunit)_The_high_and_intermediate_affinity_forms_also_associate_with_a_gamma_subunit",,,,,RVentoTormo,CellPhoneDBcore<=4.1
IL2_receptor_I,P14784,P31785,,,,TRUE,FALSE,FALSE,,FALSE,TRUE,Cytokine_receptor_IL2_family,FALSE,FALSE,,3qaz,binding,,,,,,,RVentoTormo,CellPhoneDBcore<=4.1
IL20_receptor_Type_I,Q9UHF4,Q6UXL0,,,,TRUE,FALSE,FALSE,,FALSE,TRUE,"Cytokine_receptor_IL10_family,_IL20_subfamily",FALSE,FALSE,,,False,,The_IL20RA_IL10RB_dimer_is_a_receptor_for_IL26,,,,,RVentoTormo,CellPhoneDBcore<=4.1
IL20_receptor_Type_II,Q8N6P7,Q6UXL0,,,,TRUE,FALSE,FALSE,,FALSE,TRUE,"Cytokine_receptor_IL10_family,_IL20_subfamily",FALSE,FALSE,,,False,,Component_of_IL22_receptor_formed_byIL22RA1_and_IL10RB,,,,,RVentoTormo,CellPhoneDBcore<=4.1
IL21_receptor,Q9HBE5,P31785,,,,TRUE,FALSE,FALSE,,FALSE,TRUE,Cytokine_receptor_IL2_family,FALSE,FALSE,,,False,,Heterodimer_with_the_common_gamma_subunit,,,,,RVentoTormo,CellPhoneDBcore<=4.1
IL22_receptor,Q8N6P7,Q08334,,,,TRUE,FALSE,FALSE,,FALSE,TRUE,"Cytokine_receptor_IL10_family,_IL20_subfamily",FALSE,FALSE,,3dgc,binding,IL22;IL22RA1,Component_of_IL22_receptor_formed_byIL22RA1_and_IL10RB,,,,,RVentoTormo,CellPhoneDBcore<=4.1
IL23,P29460,Q9NPF7,,,,FALSE,FALSE,TRUE,"Cytokine_receptor_IL6_family,_IL12_subfamily",TRUE,FALSE,,FALSE,FALSE,,3d87,True,IL12B;IL12B;IL23A;IL23A,,,,,,RVentoTormo,CellPhoneDBcore<=4.1
IL23_receptor,P42701,Q5VWK5,,,,TRUE,FALSE,FALSE,,FALSE,TRUE,"Cytokine_receptor_IL6_family,_IL12_subfamily",FALSE,FALSE,,,False,,Associates_also_with_IL23R_to_form_the_interleukin_23_receptor_which_functions_in_IL23_signal_transduction,,,,,RVentoTormo,CellPhoneDBcore<=4.1
IL26_receptor,Q9UHF4,Q08334,,,,TRUE,FALSE,FALSE,,FALSE,TRUE,"Cytokine_receptor_IL10_family,_IL20_subfamily",FALSE,FALSE,,,False,,,,,,,RVentoTormo,CellPhoneDBcore<=4.1
IL27,Q14213,Q8NEV9,,,,FALSE,FALSE,TRUE,Cytokine_receptor_IL6_family,TRUE,FALSE,,FALSE,FALSE,,,False,,,,,,,RVentoTormo,CellPhoneDBcore<=4.1
IL27_receptor,Q6UWB1,P40189,,,,TRUE,FALSE,FALSE,,FALSE,TRUE,Cytokine_receptor_IL6_family,FALSE,FALSE,,,False,,Requires_IL6ST_gp130_to_mediate_signal_transduction_in_response_to_IL27,,,,,RVentoTormo,CellPhoneDBcore<=4.1
IL28_receptor,Q8IU57,Q08334,,,,TRUE,FALSE,FALSE,,FALSE,TRUE,Cytokine_receptor_family,FALSE,FALSE,,5t5w,binding,IFNL3;IFNLR1;IL10RB,IFNLR1_IL10RB_dimer_is_a_receptor,,,,,RVentoTormo,CellPhoneDBcore<=4.1
IL3_receptor,P32927,P26951,,,,TRUE,FALSE,FALSE,,FALSE,TRUE,Cytokine_receptor_IL3_family,FALSE,FALSE,,,False,,Heterodimer_of_an_a_and_a_beta_subunit,,,,,RVentoTormo,CellPhoneDBcore<=4.1
IL33_receptor,Q01638,Q9NPH3,,,,TRUE,FALSE,FALSE,,FALSE,TRUE,Cytokine_receptor_IL1_family,FALSE,FALSE,,,False,,,,,,,RVentoTormo,CellPhoneDBcore<=4.1
IL35,Q14213,P29459,,,,FALSE,FALSE,TRUE,Cytokine_receptor,TRUE,FALSE,,FALSE,FALSE,,,False,,,,,,,RVentoTormo,CellPhoneDBcore<=4.1
IL35_receptor,P40189,Q99665,,,,TRUE,FALSE,FALSE,,FALSE,TRUE,Cytokine_receptor_IL1_family,FALSE,FALSE,,,False,,,,,,,RVentoTormo,CellPhoneDBcore<=4.1
IL36_receptor,Q9HB29,Q9NPH3,,,,TRUE,FALSE,FALSE,,FALSE,TRUE,Cytokine_receptor_IL1_family,FALSE,FALSE,,,False,,After_binding_to_interleukin_36_associates_with_the_coreceptor_IL1RAP_to_form_the_interleukin_36_receptor_complex,,,,,RVentoTormo,CellPhoneDBcore<=4.1
IL37_receptor,Q13478,Q6IA17,,,,TRUE,FALSE,FALSE,,FALSE,TRUE,Cytokine_receptor_IL1_family,FALSE,FALSE,,,False,,"See_paper_Nold_Petry_et_al,_2015_Also_called_IL37",,,,,RVentoTormo,CellPhoneDBcore<=4.1
IL4_receptor,P31785,P24394,,,,TRUE,FALSE,FALSE,,FALSE,TRUE,"Cytokine_receptor_IL2_family,_IL4_subfamily",FALSE,FALSE,,3qb7,True,IL2RG;IL4R,"The_functional_IL4_receptor_is_formed_byinitial_binding_of_IL4_to_IL4R_Subsequent_recruitment_to_the_complex_of_the_common_gamma_chain,_in_immune_cells",,,,,RVentoTormo,CellPhoneDBcore<=4.1
IL5_receptor,P32927,Q01344,,,,TRUE,FALSE,FALSE,,FALSE,TRUE,Cytokine_receptor_IL3_family,FALSE,FALSE,,,False,,Heterodimer_of_an_alpha_and_a_beta_subunit,,,,,RVentoTormo,CellPhoneDBcore<=4.1
IL6_receptor,P08887,P40189,,,,TRUE,FALSE,FALSE,,FALSE,TRUE,Cytokine_receptor_IL6_family,FALSE,FALSE,,1p9m,binding,IL6;IL6;IL6R;IL6R;IL6ST;IL6ST,Signal_activation_necessitate_an_association_with_IL6ST,,,,,RVentoTormo,CellPhoneDBcore<=4.1
IL7_receptor,P16871,P31785,,,,TRUE,FALSE,FALSE,,FALSE,TRUE,"Cytokine_receptor_IL2_family,_IL7_subfamily",FALSE,FALSE,,,False,,The_IL7_receptor_is_a_heterodimer_of_IL7R_and_IL2RG,,,,,RVentoTormo,CellPhoneDBcore<=4.1
IL9_receptor,Q01113,P31785,,,,TRUE,FALSE,FALSE,,FALSE,TRUE,Cytokine_receptor_IL2_family,FALSE,FALSE,,,False,,Cytokine_receptor_family;_Interleukin_9_family,,,,,RVentoTormo,CellPhoneDBcore<=4.1
integrin_a10b1_complex,P05556,O75578,,,,TRUE,FALSE,FALSE,,FALSE,FALSE,,TRUE,FALSE,,,False,,Well_known_integrin_combination,,,,,RVentoTormo,CellPhoneDBcore<=4.1
integrin_a11b1_complex,P05556,Q9UKX5,,,,TRUE,FALSE,FALSE,,FALSE,FALSE,,TRUE,FALSE,,,False,,Well_known_integrin_combination,,,,,RVentoTormo,CellPhoneDBcore<=4.1
integrin_a1b1_complex,P05556,P56199,,,,TRUE,FALSE,FALSE,,FALSE,FALSE,,TRUE,FALSE,,,False,,Well_known_integrin_combination,,,,,RVentoTormo,CellPhoneDBcore<=4.1
integrin_a2b1_complex,P05556,P17301,,,,TRUE,FALSE,FALSE,,FALSE,FALSE,,TRUE,FALSE,,,False,,Well_known_integrin_combination,,,,,RVentoTormo,CellPhoneDBcore<=4.1
integrin_a2Bb3_complex,P08514,P05106,,,,TRUE,FALSE,FALSE,,FALSE,FALSE,,TRUE,FALSE,,1kup,True,ITGA2B;ITGB3,Well_known_integrin_combination,,,,,RVentoTormo,CellPhoneDBcore<=4.1
integrin_a3b1_complex,P05556,P26006,,,,TRUE,FALSE,FALSE,,FALSE,FALSE,,TRUE,FALSE,,,False,,Well_known_integrin_combination,,,,,RVentoTormo,CellPhoneDBcore<=4.1
integrin_a4b1_complex,P05556,P13612,,,,TRUE,FALSE,FALSE,,FALSE,FALSE,,TRUE,FALSE,,,False,,Well_known_integrin_combination,,,,,RVentoTormo,CellPhoneDBcore<=4.1
integrin_a4b7_complex,P26010,P13612,,,,TRUE,FALSE,FALSE,,FALSE,FALSE,,TRUE,FALSE,,,False,,Well_known_integrin_combination,,,,,RVentoTormo,CellPhoneDBcore<=4.1
integrin_a5b1_complex,P05556,P08648,,,,TRUE,FALSE,FALSE,,FALSE,FALSE,,TRUE,FALSE,,,False,,Well_known_integrin_combination,,,,,RVentoTormo,CellPhoneDBcore<=4.1
integrin_a6b1_complex,P05556,P23229,,,,TRUE,FALSE,FALSE,,FALSE,FALSE,,TRUE,FALSE,,,False,,Well_known_integrin_combination,,,,,RVentoTormo,CellPhoneDBcore<=4.1
integrin_a6b4_complex,P16144,P23229,,,,TRUE,FALSE,FALSE,,FALSE,FALSE,,TRUE,FALSE,,,False,,Well_known_integrin_combination,,,,,RVentoTormo,CellPhoneDBcore<=4.1
integrin_a7b1_complex,P05556,Q13683,,,,TRUE,FALSE,FALSE,,FALSE,FALSE,,TRUE,FALSE,,,False,,Well_known_integrin_combination,,,,,RVentoTormo,CellPhoneDBcore<=4.1
integrin_a8b1_complex,P05556,P53708,,,,TRUE,FALSE,FALSE,,FALSE,FALSE,,TRUE,FALSE,,,False,,Well_known_integrin_combination,,,,,RVentoTormo,CellPhoneDBcore<=4.1
integrin_a9b1_complex,P05556,Q13797,,,,TRUE,FALSE,FALSE,,FALSE,FALSE,,TRUE,FALSE,,,False,,Well_known_integrin_combination,,,,,RVentoTormo,CellPhoneDBcore<=4.1
integrin_aDb2_complex,P05107,Q13349,,,,TRUE,FALSE,FALSE,,FALSE,FALSE,,TRUE,FALSE,,,False,,Well_known_integrin_combination,,,,,RVentoTormo,CellPhoneDBcore<=4.1
integrin_aEb7_complex,P26010,P38570,,,,TRUE,FALSE,FALSE,,FALSE,FALSE,,TRUE,FALSE,,,False,,Well_known_integrin_combination,,,,,RVentoTormo,CellPhoneDBcore<=4.1
integrin_aLb2_complex,P05107,P20701,,,,TRUE,FALSE,FALSE,,FALSE,FALSE,,TRUE,FALSE,,,False,,Well_known_integrin_combination,,,,,RVentoTormo,CellPhoneDBcore<=4.1
integrin_aMb2_complex,P05107,P11215,,,,TRUE,FALSE,FALSE,,FALSE,FALSE,,TRUE,FALSE,,,False,,Well_known_integrin_combination,,,,,RVentoTormo,CellPhoneDBcore<=4.1
integrin_aVb1_complex,P05556,P06756,,,,TRUE,FALSE,FALSE,,FALSE,FALSE,,TRUE,FALSE,,,False,,Well_known_integrin_combination,,,,,RVentoTormo,CellPhoneDBcore<=4.1
integrin_aVb3_complex,P06756,P05106,,,,TRUE,FALSE,FALSE,,FALSE,FALSE,,TRUE,FALSE,,1jv2,True,ITGAV;ITGB3,Well_known_integrin_combination,,,,,RVentoTormo,CellPhoneDBcore<=4.1
integrin_aVb5_complex,P18084,P06756,,,,TRUE,FALSE,FALSE,,FALSE,FALSE,,TRUE,FALSE,,,False,,Well_known_integrin_combination,,,,,RVentoTormo,CellPhoneDBcore<=4.1
integrin_aVb6_complex,P06756,P18564,,,,TRUE,FALSE,FALSE,,FALSE,FALSE,,TRUE,FALSE,,4um8,True,ITGAV;ITGB6,Well_known_integrin_combination,,,,,RVentoTormo,CellPhoneDBcore<=4.1
integrin_aVb8_complex,P26012,P06756,,,,TRUE,FALSE,FALSE,,FALSE,FALSE,,TRUE,FALSE,,,False,,Well_known_integrin_combination,,,,,RVentoTormo,CellPhoneDBcore<=4.1
integrin_aXb2_complex,P20702,P05107,,,,TRUE,FALSE,FALSE,,FALSE,FALSE,,TRUE,FALSE,,3k6s,True,ITGAX;ITGB2,Well_known_integrin_combination,,,,,RVentoTormo,CellPhoneDBcore<=4.1
Klotho_FGFR1,P11362,Q9UEF7,,,,TRUE,FALSE,FALSE,,FALSE,FALSE,,FALSE,FALSE,,,False,,,,,,,LGarciaAlonso,CellPhoneDBcore<=4.1
Kremen1_LRP6,Q96MU8,O75581,,,,TRUE,FALSE,FALSE,,FALSE,FALSE,,FALSE,FALSE,,,False,,,,,,,LGarciaAlonso,CellPhoneDBcore<=4.1
Kremen2_LRP6,Q8NCW0,O75581,,,,TRUE,FALSE,FALSE,,FALSE,FALSE,,FALSE,FALSE,,,False,,,,,,,LGarciaAlonso,CellPhoneDBcore<=4.1
Ldopa_byTYR,P14679,,,,,FALSE,FALSE,TRUE,CHEBI:15765,TRUE,FALSE,,FALSE,TRUE,biosynthesis_enzyme,,False,,,,,,RHEA:34287,LGarciaAlonso,CellPhoneDBcore<=4.1
LeukotrieneB4_byLTA4H,P09960,,,,,FALSE,FALSE,TRUE,CHEBI:15647,TRUE,FALSE,,FALSE,TRUE,biosynthesis_enzyme,,False,,,R-HSA-266072,,,RHEA:22325,LGarciaAlonso,CellPhoneDBcore<=4.1
LeukotrieneC4_byLTC4S,P20292,P09917,Q16873,,,FALSE,FALSE,TRUE,CHEBI:16978,TRUE,FALSE,,FALSE,TRUE,biosynthesis_enzyme,,False,,,R-HSA-266050,,,RHEA:17619,LGarciaAlonso,CellPhoneDBcore<=4.1
LeukotrieneD4_byGGT1,P19440,P36269,,,,FALSE,FALSE,TRUE,CHEBI:28666,TRUE,FALSE,,FALSE,TRUE,biosynthesis_enzyme,,False,,,R-HSA-266046,,,RHEA:31564,LGarciaAlonso,CellPhoneDBcore<=4.1
LeukotrieneE4_byDPEP1,P16444,,,,,FALSE,FALSE,TRUE,CHEBI:15650,TRUE,FALSE,,FALSE,TRUE,biosynthesis_enzyme,,False,,,R-HSA-266012,,,RHEA:48617,LGarciaAlonso,CellPhoneDBcore<=4.1
LeukotrieneE4_byDPEP2,Q9H4A9,,,,,FALSE,FALSE,TRUE,CHEBI:15650,TRUE,FALSE,,FALSE,TRUE,biosynthesis_enzyme,,False,,,R-HSA-266012,,,RHEA:48617,LGarciaAlonso,CellPhoneDBcore<=4.1
LeukotrieneE4_byDPEP3,Q9H4B8,,,,,FALSE,FALSE,TRUE,CHEBI:15650,TRUE,FALSE,,FALSE,TRUE,biosynthesis_enzyme,,False,,,R-HSA-266012,,,RHEA:48617,LGarciaAlonso,CellPhoneDBcore<=4.1
LIFR,P42702,P40189,,,,TRUE,FALSE,FALSE,,FALSE,TRUE,Cytokine_receptor_IL6_family,FALSE,FALSE,,,False,,Heterodimer_composed_of_LIFR_and_IL6ST,,,,,RVentoTormo,CellPhoneDBcore<=4.1
LipoxinA4_byALOX12,P18054,,,,,FALSE,FALSE,TRUE,CHEBI:6498,TRUE,FALSE,,FALSE,TRUE,biosynthesis_enzyme,,False,,,R-HSA-2161775,,,RHEA:48584,LGarciaAlonso,CellPhoneDBcore<=4.1
LipoxinA4_byALOX5,P09917,P20292,Q16873,,,FALSE,FALSE,TRUE,CHEBI:6498,TRUE,FALSE,,FALSE,TRUE,biosynthesis_enzyme,,False,,,R-HSA-2161917,,,,LGarciaAlonso,CellPhoneDBcore<=4.1
LRP4_MUSK_complex,O15146,O75096,,,,TRUE,FALSE,FALSE,,FALSE,TRUE,,FALSE,FALSE,,3ml4,partial,DOK7;DOK7;MUSK;MUSK,MUSK_Interacts_with_LRP4;_the_heterodimer_forms_an_AGRIN_receptor_complex_that_binds_AGRIN_resulting_in_activation_of_MUSK,,,,,RVentoTormo,CellPhoneDBcore<=4.1
Lthyroxine_byTPO,P07202,,,,,FALSE,FALSE,TRUE,CHEBI:18332,TRUE,FALSE,,FALSE,TRUE,biosynthesis_enzyme,,False,,,R-HSA-209840,,,,LGarciaAlonso,CellPhoneDBcore<=4.1
Melatonin_byASMT,P46597,,,,,FALSE,FALSE,TRUE,CHEBI:16796,TRUE,FALSE,,FALSE,TRUE,biosynthesis_enzyme,,False,,,R-HSA-209821,,,RHEA:15573,LGarciaAlonso,CellPhoneDBcore<=4.1
MIS_receptor_1,Q16671,P36894,,,,TRUE,FALSE,FALSE,,FALSE,TRUE,,FALSE,FALSE,,,False,,,,,,,RVentoTormo,CellPhoneDBcore<=4.1
MIS_receptor_2,Q16671,O00238,,,,TRUE,FALSE,FALSE,,FALSE,TRUE,,FALSE,FALSE,,,False,,,,,,,RVentoTormo,CellPhoneDBcore<=4.1
MIS_receptor_3,Q16671,Q04771,,,,TRUE,FALSE,FALSE,,FALSE,TRUE,,FALSE,FALSE,,,False,,,,,,,RVentoTormo,CellPhoneDBcore<=4.1
NKG2D_II_receptor,P26718,Q9UBK5,,,,TRUE,FALSE,FALSE,,FALSE,TRUE,hematopoyetic_receptor,FALSE,FALSE,,,False,,Heterohexamer_composed_of_two_subunits_of_KLRK1_and_four_subunits_of_HCST_DAP10,,,,,RVentoTormo,CellPhoneDBcore<=4.1
NODAL_receptor_IbIIa_CFC1,P36896,P27037,P0CG37,,,TRUE,FALSE,FALSE,,FALSE,TRUE,,FALSE,FALSE,,,False,,,,R-HSA-1181125,,,LGarciaAlonso,CellPhoneDBcore<=4.1
NODAL_receptor_IbIIa_TDGF1,P36896,P27037,P13385,,,TRUE,FALSE,FALSE,,FALSE,TRUE,,FALSE,FALSE,,,False,,,,R-HSA-1181125,,,LGarciaAlonso,CellPhoneDBcore<=4.1
NODAL_receptor_IbIIb_CFC1,P36896,Q13705,P0CG37,,,TRUE,FALSE,FALSE,,FALSE,TRUE,,FALSE,FALSE,,,False,,,,,,,LGarciaAlonso,CellPhoneDBcore<=4.1
NODAL_receptor_IbIIb_TDGF1,P36896,Q13705,P13385,,,TRUE,FALSE,FALSE,,FALSE,TRUE,,FALSE,FALSE,,,False,,,,,,,RVentoTormo,CellPhoneDBcore<=4.1
NODAL_receptor_IcIIb_CFC1,Q8NER5,Q13705,P0CG37,,,TRUE,FALSE,FALSE,,FALSE,TRUE,,FALSE,FALSE,,,False,,,,R-HSA-1181125,,,LGarciaAlonso,CellPhoneDBcore<=4.1
NODAL_receptor_IcIIb_TDGF1,Q8NER5,Q13705,P13385,,,TRUE,FALSE,FALSE,,FALSE,TRUE,,FALSE,FALSE,,,False,,,,R-HSA-1181125,,,LGarciaAlonso,CellPhoneDBcore<=4.1
OSMR,Q99650,P40189,,,,TRUE,FALSE,FALSE,,FALSE,TRUE,Cytokine_receptor_IL6_family,FALSE,FALSE,,,False,,Heterodimer_composed_of_OSMR_and_IL6ST_(type_II_OSM_receptor),,,,,RVentoTormo,CellPhoneDBcore<=4.1
PDGFR_complex,P16234,P09619,,,,TRUE,FALSE,FALSE,,FALSE,TRUE,growth_factor_receptor,FALSE,FALSE,,,False,,heterodimers_formed_byPDGFA_and_PDGFB,,,,,RVentoTormo,CellPhoneDBcore<=4.1
pL1:Ezrin,P15311,P32004,,,,TRUE,FALSE,FALSE,,FALSE,TRUE,,FALSE,FALSE,,,False,,,,R-HSA-374575,,,LGarciaAlonso,CellPhoneDBcore<=4.1
PlexinA1_complex1,Q9UIW2,P35968,,,,TRUE,FALSE,FALSE,,FALSE,TRUE,,FALSE,FALSE,,,False,,PMID:_22325954,,,,,RVentoTormo,CellPhoneDBcore<=4.1
PlexinA1_complex2,Q9UIW2,Q9NZC2,O43914,,,TRUE,FALSE,FALSE,,FALSE,TRUE,,FALSE,FALSE,,,False,,PMID:_22325954,,,,,RVentoTormo,CellPhoneDBcore<=4.1
PlexinA1_complex3,O14786,Q9UIW2,,,,TRUE,FALSE,FALSE,,FALSE,TRUE,,FALSE,FALSE,,,False,,PMID:_22325954,,,,,RVentoTormo,CellPhoneDBcore<=4.1
PlexinA2_complex1,O14786,O75051,,,,TRUE,FALSE,FALSE,,FALSE,TRUE,,FALSE,FALSE,,,False,,PMID:_22325954,,,,,RVentoTormo,CellPhoneDBcore<=4.1
PlexinA3_complex1,O14786,P51805,,,,TRUE,FALSE,FALSE,,FALSE,TRUE,,FALSE,FALSE,,,False,,PMID:_22325954,,,,,RVentoTormo,CellPhoneDBcore<=4.1
PlexinA4_complex1,O14786,Q9HCM2,,,,TRUE,FALSE,FALSE,,FALSE,TRUE,,FALSE,FALSE,,,False,,PMID:_22325954,,,,,RVentoTormo,CellPhoneDBcore<=4.1
Pregnenolone_byCYP11A1,P05108,Q6P4F2,P10109,P22570,,FALSE,FALSE,TRUE,CHEBI:16581,TRUE,FALSE,,FALSE,TRUE,biosynthesis_enzyme,,False,,,R-HSA-193101,,,RHEA:35739,LGarciaAlonso,CellPhoneDBcore<=4.1
Progesterone_byHSD3B1,P14060,,,,,FALSE,FALSE,TRUE,CHEBI:17026;CHEBI:16422;CHEBI:17252,TRUE,FALSE,,FALSE,TRUE,biosynthesis_enzyme,,False,,,R-HSA-193052,,,RHEA:43928,LGarciaAlonso,CellPhoneDBcore<=4.1
Prostacyclin_byPTGIS,Q16647,,,,,FALSE,FALSE,TRUE,CHEBI:15552,TRUE,FALSE,,FALSE,TRUE,biosynthesis_enzyme,,False,,,R-HSA-76496,,,,LGarciaAlonso,CellPhoneDBcore<=4.1
ProstaglandinD2_byAKR1C3,P42330,,,,,FALSE,FALSE,TRUE,CHEBI:57406,TRUE,FALSE,,FALSE,TRUE,biosynthesis_enzyme,,False,,,,,,RHEA:10140,LGarciaAlonso,CellPhoneDBcore<=4.1
ProstaglandinE2_byPTGES,O14684,,,,,FALSE,FALSE,TRUE,CHEBI:15551,TRUE,FALSE,,FALSE,TRUE,biosynthesis_enzyme,,False,,,R-HSA-2161660,,,RHEA:12894,LGarciaAlonso,CellPhoneDBcore<=4.1
ProstaglandinE2_byPTGES2,Q9H7Z7,,,,,FALSE,FALSE,TRUE,CHEBI:15551,TRUE,FALSE,,FALSE,TRUE,biosynthesis_enzyme,,False,,,R-HSA-265295,,,RHEA:12894,LGarciaAlonso,CellPhoneDBcore<=4.1
ProstaglandinE2_byPTGES3,Q15185,,,,,FALSE,FALSE,TRUE,CHEBI:15551,TRUE,FALSE,,FALSE,TRUE,biosynthesis_enzyme,,False,,,R-HSA-265295,,,RHEA:12894,LGarciaAlonso,CellPhoneDBcore<=4.1
ProstaglandinF2a_byAKR1B1,P15121,,,,,FALSE,FALSE,TRUE,CHEBI:15553,TRUE,FALSE,,FALSE,TRUE,biosynthesis_enzyme,,False,,,R-HSA-2161549,,,RHEA:45314,LGarciaAlonso,CellPhoneDBcore<=4.1
ProstaglandinF2a_byCBR1,P16152,,,,,FALSE,FALSE,TRUE,CHEBI:15553,TRUE,FALSE,,FALSE,TRUE,biosynthesis_enzyme,,False,,,R-HSA-2161651,,,RHEA:24510,LGarciaAlonso,CellPhoneDBcore<=4.1
ProstaglandinF2a_byPRXL2B,Q8TBF2,,,,,FALSE,FALSE,TRUE,CHEBI:15553,TRUE,FALSE,,FALSE,TRUE,biosynthesis_enzyme,,False,,,R-HSA-2161612,,,RHEA:28214,LGarciaAlonso,CellPhoneDBcore<=4.1
PTCH_BOC_transmembrane_receptor,Q13635,Q9BWV1,,,,TRUE,FALSE,FALSE,,FALSE,TRUE,,FALSE,FALSE,,,False,,,,R-HSA-5632584,,,LGarciaAlonso,CellPhoneDBcore<=4.1
PTCH_CDON_transmembrane_receptor,Q13635,Q4KMG0,,,,TRUE,FALSE,FALSE,,FALSE,TRUE,,FALSE,FALSE,,,False,,,R-HSA-5632652,,,,LGarciaAlonso,CellPhoneDBcore<=4.1
PTCH_GAS1_transmembrane_receptor,Q13635,P54826,,,,TRUE,FALSE,FALSE,,FALSE,TRUE,,FALSE,FALSE,,,False,,,R-HSA-5632649,,,,LGarciaAlonso,CellPhoneDBcore<=4.1
PTCH2_BOC_transmembrane_receptor,Q9Y6C5,Q9BWV1,,,,TRUE,FALSE,FALSE,,FALSE,TRUE,,FALSE,FALSE,,,False,,PMID:25448692,,,,,LGarciaAlonso,CellPhoneDBcore<=4.1
PTCH2_CDON_transmembrane_receptor,Q9Y6C5,Q4KMG0,,,,TRUE,FALSE,FALSE,,FALSE,TRUE,,FALSE,FALSE,,,False,,PMID:25448692,,,,,LGarciaAlonso,CellPhoneDBcore<=4.1
PTCH2_GAS1_transmembrane_receptor,Q9Y6C5,P54826,,,,TRUE,FALSE,FALSE,,FALSE,TRUE,,FALSE,FALSE,,,False,,PMID:25448692,,,,,LGarciaAlonso,CellPhoneDBcore<=4.1
RAMP1_complex,Q16602,O60894,,,,TRUE,FALSE,FALSE,,FALSE,TRUE,,FALSE,FALSE,,3n7p,True,CALCRL;RAMP1,Heterodimer_of_CALCRL_and_RAMP3_(bysimilarity)_Heterodimer_of_CALCRL_and_RAMP1_or_CALCRL_and_RAMP2,,,,,RVentoTormo,CellPhoneDBcore<=4.1
RAMP2_complex,Q16602,O60895,,,,TRUE,FALSE,FALSE,,FALSE,TRUE,,FALSE,FALSE,,3aqf,True,CALCRL;RAMP2,Heterodimer_of_CALCRL_and_RAMP3_(bysimilarity)_Heterodimer_of_CALCRL_and_RAMP1_or_CALCRL_and_RAMP2,,,,,RVentoTormo,CellPhoneDBcore<=4.1
RAMP3_complex,O60896,Q16602,Q99527,,,TRUE,FALSE,FALSE,,FALSE,TRUE,,FALSE,FALSE,,,False,,Transports_the_calcitonin_gene_related_peptide_type_1_receptor_(CALCRL)_and_GPER1_to_the_plasma_membrane,,,,,RVentoTormo,CellPhoneDBcore<=4.1
RAreceptor_RXRA,P19793,P29373,,,,TRUE,FALSE,FALSE,FALSE,FALSE,TRUE,nuclear_receptor;needs transporter,FALSE,TRUE,,,False,,,,R-HSA-5334826,,,LGarciaAlonso,CellPhoneDBcore<=4.1
RAreceptor_RXRB,P28702,P29373,,,,TRUE,FALSE,FALSE,FALSE,FALSE,TRUE,nuclear_receptor;needs transporter,FALSE,TRUE,,,False,,,,R-HSA-5334826,,,LGarciaAlonso,CellPhoneDBcore<=4.1
RAreceptor_RXRG,P48443,P29373,,,,TRUE,FALSE,FALSE,FALSE,FALSE,TRUE,nuclear_receptor;needs transporter,FALSE,TRUE,,,False,,,,R-HSA-5334826,,,LGarciaAlonso,CellPhoneDBcore<=4.1
RAreceptor_RARA,P10276,P29373,,,,TRUE,FALSE,FALSE,FALSE,FALSE,TRUE,nuclear_receptor;needs transporter,FALSE,TRUE,,,False,,,,R-HSA-5334826,,,LGarciaAlonso,CellPhoneDBcore<=4.1
RAreceptor_RARB,P10826,P29373,,,,TRUE,FALSE,FALSE,FALSE,FALSE,TRUE,nuclear_receptor;needs transporter,FALSE,TRUE,,,False,,,,R-HSA-5334826,,,LGarciaAlonso,CellPhoneDBcore<=4.1
RAreceptor_RARG,P13631,P29373,,,,TRUE,FALSE,FALSE,FALSE,FALSE,TRUE,nuclear_receptor;needs transporter,FALSE,TRUE,,,False,,,,R-HSA-5334826,,,LGarciaAlonso,CellPhoneDBcore<=4.1
RAreceptor_RARA_RXRA,P10276,P19793,P29373,,,TRUE,FALSE,FALSE,FALSE,FALSE,TRUE,nuclear_receptor;needs transporter,FALSE,TRUE,,,False,,,,R-HSA-5334826,,,LGarciaAlonso,CellPhoneDBcore<=4.1
RAreceptor_RARB_RXRB,P10826,P28702,P29373,,,TRUE,FALSE,FALSE,FALSE,FALSE,TRUE,nuclear_receptor;needs transporter,FALSE,TRUE,,,False,,,,R-HSA-5334826,,,LGarciaAlonso,CellPhoneDBcore<=4.1
RAreceptor_RARG_RXRG,P13631,P48443,P29373,,,TRUE,FALSE,FALSE,FALSE,FALSE,TRUE,nuclear_receptor;needs transporter,FALSE,TRUE,,,False,,,,R-HSA-5334826,,,LGarciaAlonso,CellPhoneDBcore<=4.1
RET_receptor_1,P07949,P56159,,,,TRUE,FALSE,FALSE,,FALSE,TRUE,,FALSE,FALSE,,,False,,,,,,,RVentoTormo,CellPhoneDBcore<=4.1
RET_receptor_2,P07949,O00451,,,,TRUE,FALSE,FALSE,,FALSE,TRUE,,FALSE,FALSE,,,False,,,,,,,RVentoTormo,CellPhoneDBcore<=4.1
RET_receptor_3,P07949,O60609,,,,TRUE,FALSE,FALSE,,FALSE,TRUE,,FALSE,FALSE,,,False,,,,,,,RVentoTormo,CellPhoneDBcore<=4.1
RET_receptor_4,P07949,Q9GZZ7,,,,TRUE,FALSE,FALSE,,FALSE,TRUE,,FALSE,FALSE,,,False,,,,,,,RVentoTormo,CellPhoneDBcore<=4.1
SerotoninDopamin_byDDC,P20711,,,,,FALSE,FALSE,TRUE,CHEBI:28790,TRUE,FALSE,,FALSE,TRUE,biosynthesis_enzyme,,False,,,R-HSA-209859,,,RHEA:18534,LGarciaAlonso,CellPhoneDBcore<=4.1
SIRB1_complex,O00241,O43914,,,,TRUE,FALSE,FALSE,,FALSE,TRUE,,FALSE,FALSE,,,False,,Homodimer;_disulfide_linked_Interacts_with_TYROBP_This_interaction_results_in_the_recruitment_of_SYK,,,,,RVentoTormo,CellPhoneDBcore<=4.1
SLC16A1_complex,P35613,P53985,,,,TRUE,FALSE,FALSE,,FALSE,FALSE,,FALSE,FALSE,,,False,,Interacts_with_BSG;_this_is_required_for_expression_at_the_cell_membrane,,,,,RVentoTormo,CellPhoneDBcore<=4.1
Testosterone_byAKR1D1,P51857,,,,,FALSE,FALSE,TRUE,CHEBI:17347,TRUE,FALSE,,FALSE,TRUE,biosynthesis_enzyme,,False,,,,,,RHEA:14983,LGarciaAlonso,CellPhoneDBcore<=4.1
Testosterone_byHSD17B12,Q53GQ0,,,,,FALSE,FALSE,TRUE,RAreceptor_RARG_RXRG,TRUE,FALSE,,FALSE,TRUE,biosynthesis_enzyme,,False,,,R-HSA-193064,,,RHEA:14983,LGarciaAlonso,CellPhoneDBcore<=4.1
Testosterone_byHSD17B3,P37058,,,,,FALSE,FALSE,TRUE,CHEBI:17347,TRUE,FALSE,,FALSE,TRUE,biosynthesis_enzyme,,False,,,R-HSA-193064,,,RHEA:14983,LGarciaAlonso,CellPhoneDBcore<=4.1
TGFbeta_receptor1,P36897,P37173,,,,TRUE,FALSE,FALSE,,FALSE,TRUE,TGFBeta_receptor_add,FALSE,FALSE,,,False,,"Heterohexamer;_TGFB1,_TGFB2_and_TGFB3_homodimeric_ligands_assemble_a_functional_receptor_composed_of_two_TGFBR1_and_TGFBR2_heterodimers_to_form_a_ligand_receptor_heterohexamer",,,,,RVentoTormo,CellPhoneDBcore<=4.1
TGFbeta_receptor2,P37173,Q04771,,,,TRUE,FALSE,FALSE,,FALSE,TRUE,TGFBeta_receptor_add,FALSE,FALSE,,,False,,,,,,,RVentoTormo,CellPhoneDBcore<=4.1
TGFR_AVR2A,P36897,P27037,,,,TRUE,FALSE,FALSE,,FALSE,TRUE,,FALSE,FALSE,,,False,,,,,,,RVentoTormo,CellPhoneDBcore<=4.1
TGFR_AVR2B,P36897,Q13705,,,,TRUE,FALSE,FALSE,,FALSE,TRUE,,FALSE,FALSE,,,False,,,,,,,RVentoTormo,CellPhoneDBcore<=4.1
TGFR_BMPR2,P36897,Q13873,,,,TRUE,FALSE,FALSE,,FALSE,TRUE,,FALSE,FALSE,,,False,,,,,,,RVentoTormo,CellPhoneDBcore<=4.1
ThromboxaneA2_byTBXAS1,P24557,,,,,FALSE,FALSE,TRUE,CHEBI:15627,TRUE,FALSE,,FALSE,TRUE,biosynthesis_enzyme,,False,,,R-HSA-76500,,,RHEA:17138,LGarciaAlonso,CellPhoneDBcore<=4.1
Thyrostimulin,Q86YW7,Q96T91,,,,FALSE,FALSE,TRUE,,TRUE,FALSE,,FALSE,FALSE,,,False,,,,R-HSA-8942418,,,LGarciaAlonso,CellPhoneDBcore<=4.1
Thyrotropin,P01215,P01222,,,,FALSE,FALSE,TRUE,,TRUE,FALSE,,FALSE,FALSE,,,False,,,,R-HSA-8942418,,,LGarciaAlonso,CellPhoneDBcore<=4.1
TREM2_receptor,Q9NZC2,O43914,,,,TRUE,FALSE,FALSE,,FALSE,TRUE,,FALSE,FALSE,,,False,,Interacts_with_TYROBP_DAP12,,,,,RVentoTormo,CellPhoneDBcore<=4.1
Triiodothyronine_byDIO3,P55073,P01266,,,,FALSE,FALSE,TRUE,CHEBI:18258,TRUE,FALSE,,FALSE,TRUE,biosynthesis_enzyme,,False,,,,,,,LGarciaAlonso,CellPhoneDBcore<=4.1
TSLPR,P16871,Q9HC73,,,,TRUE,FALSE,FALSE,,FALSE,TRUE,"Cytokine_receptor_IL2_family,_IL7_subfamily",FALSE,FALSE,,5j11,binding,CRLF2;IL7R;TSLP,The_TSLP_receptor_is_a_heterodimer_of_CRLF2_and_IL7R,,,,,RVentoTormo,CellPhoneDBcore<=4.1
Type_I_IFNR,P17181,P48551,,,,TRUE,FALSE,FALSE,,FALSE,TRUE,Cytokine_receptor_family,FALSE,FALSE,,3se3,binding,IFNA2;IFNAR1;IFNAR2,Heterodimer_with_IFNAR2,,,,,RVentoTormo,CellPhoneDBcore<=4.1
Type_II_IFNR,P15260,P38484,,,,TRUE,FALSE,FALSE,,FALSE,TRUE,Cytokine_receptor_family,FALSE,FALSE,,1fg9,binding,IFNG;IFNG;IFNGR1;IFNGR1;IFNGR1,Associates_with_IFNGR2_to_form_a_receptor_for_the_cytokine_interferon_gamma_(IFNG),,,,,RVentoTormo,CellPhoneDBcore<=4.1
Type_III_IFNR,Q08334,Q8IU57,,,,TRUE,FALSE,FALSE,,FALSE,TRUE,,FALSE,FALSE,,,False,,,,,,,RVentoTormo,CellPhoneDBcore<=4.1
5-HT_byTPH1_and_SLC6A4,P17752,P31645,,,,FALSE,FALSE,TRUE,,FALSE,FALSE,,FALSE,FALSE,,,False,,,,,,,JCranley,CellPhoneDBcore4.1
5-HT_byTPH1_and_SLC18A1,P17752,P54219,,,,FALSE,FALSE,TRUE,,FALSE,FALSE,,FALSE,FALSE,,,False,,,,,,,JCranley,CellPhoneDBcore4.1
5-HT_byTPH1_and_SLC18A2,P17752,Q05940,,,,FALSE,FALSE,TRUE,,FALSE,FALSE,,FALSE,FALSE,,,False,,,,,,,JCranley,CellPhoneDBcore4.1
5-HT_byTPH2_and_SLC6A4,Q8IWU9,P31645,,,,FALSE,FALSE,TRUE,,FALSE,FALSE,,FALSE,FALSE,,,False,,,,,,,JCranley,CellPhoneDBcore4.1
5-HT_byTPH2_and_SLC18A1,Q8IWU9,P54219,,,,FALSE,FALSE,TRUE,,FALSE,FALSE,,FALSE,FALSE,,,False,,,,,,,JCranley,CellPhoneDBcore4.1
5-HT_byTPH2_and_SLC18A2,Q8IWU9,Q05940,,,,FALSE,FALSE,TRUE,,FALSE,FALSE,,FALSE,FALSE,,,False,,,,,,,JCranley,CellPhoneDBcore4.1
5HTR3_complex,P46098,O95264,Q8WXA8,Q70Z44,A5X5Y0,TRUE,FALSE,FALSE,,FALSE,TRUE,,FALSE,FALSE,,,False,,,,,,,JCranley,CellPhoneDBcore4.1
Acetylcholine_byCHAT_and_SLC10A4,Q96EP9,P28329,,,,FALSE,FALSE,TRUE,,FALSE,FALSE,,FALSE,FALSE,,,False,,,,,,,JCranley,CellPhoneDBcore4.1
Acetylcholine_byCHAT_and_SLC18A3,Q16572,P28329,,,,FALSE,FALSE,TRUE,,FALSE,FALSE,,FALSE,FALSE,,,False,,,,,,,JCranley,CellPhoneDBcore4.1
Acetylcholine_byCHAT_and_SLC5A7,Q9GZV3,P28329,,,,FALSE,FALSE,TRUE,,FALSE,FALSE,,FALSE,FALSE,,,False,,,,,,,JCranley,CellPhoneDBcore4.1
Adenosine_byNT5E_and_SLC29A1,Q99808,P21589,,,,FALSE,FALSE,TRUE,,FALSE,FALSE,,FALSE,FALSE,,,False,,,,,,,JCranley,CellPhoneDBcore4.1
Adenosine_byNT5E_and_SLC29A2,Q14542,P21589,,,,FALSE,FALSE,TRUE,,FALSE,FALSE,,FALSE,FALSE,,,False,,,,,,,JCranley,CellPhoneDBcore4.1
Adenosine_byNT5E_and_SLC29A3,Q9BZD2,P21589,,,,FALSE,FALSE,TRUE,,FALSE,FALSE,,FALSE,FALSE,,,False,,,,,,,JCranley,CellPhoneDBcore4.1
Adenosine_byNT5E_and_SLC29A4,Q7RTT9,P21589,,,,FALSE,FALSE,TRUE,,FALSE,FALSE,,FALSE,FALSE,,,False,,,,,,,JCranley,CellPhoneDBcore4.1
Adrenaline_byPNMT_and_SLC18A1,P11086,P54219,,,,FALSE,FALSE,TRUE,,FALSE,FALSE,,FALSE,FALSE,,,False,,,,,,,JCranley,CellPhoneDBcore4.1
Adrenaline_byPNMT_and_SLC18A2,P11086,Q05940,,,,FALSE,FALSE,TRUE,,FALSE,FALSE,,FALSE,FALSE,,,False,,,,,,,JCranley,CellPhoneDBcore4.1
b-PEA_byDDC,P20711,,,,,FALSE,FALSE,TRUE,,FALSE,FALSE,,FALSE,FALSE,,,False,,,,,,,JCranley,CellPhoneDBcore4.1
b-Endorphin_byPOMC,P01189,,,,,FALSE,FALSE,TRUE,,FALSE,FALSE,,FALSE,FALSE,,,False,,,,,,,JCranley,CellPhoneDBcore4.1
Dopamine_byDDC_and_SLC6A3,P20711,Q01959,,,,FALSE,FALSE,TRUE,,FALSE,FALSE,,FALSE,FALSE,,,False,,,,,,,JCranley,CellPhoneDBcore4.1
Dopamine_byDDC_and_SLC18A1,P20711,P54219,,,,FALSE,FALSE,TRUE,,FALSE,FALSE,,FALSE,FALSE,,,False,,,,,,,JCranley,CellPhoneDBcore4.1
Dopamine_byDDC_and_SLC18A2,P20711,Q05940,,,,FALSE,FALSE,TRUE,,FALSE,FALSE,,FALSE,FALSE,,,False,,,,,,,JCranley,CellPhoneDBcore4.1
GABA_byGAD1_and_SLC32A1,Q9H598,Q99259,,,,FALSE,FALSE,TRUE,,FALSE,FALSE,,FALSE,FALSE,,,False,,,,,,,JCranley,CellPhoneDBcore4.1
GABA_byGAD1_and_SLC6A1,P30531,Q99259,,,,FALSE,FALSE,TRUE,,FALSE,FALSE,,FALSE,FALSE,,,False,,,,,,,JCranley,CellPhoneDBcore4.1
GABA_byGAD1_and_SLC6A11,P48066,Q99259,,,,FALSE,FALSE,TRUE,,FALSE,FALSE,,FALSE,FALSE,,,False,,,,,,,JCranley,CellPhoneDBcore4.1
GABA_byGAD1_and_SLC6A12,P48065,Q99259,,,,FALSE,FALSE,TRUE,,FALSE,FALSE,,FALSE,FALSE,,,False,,,,,,,JCranley,CellPhoneDBcore4.1
GABA_byGAD1_and_SLC6A13,Q9NSD5,Q99259,,,,FALSE,FALSE,TRUE,,FALSE,FALSE,,FALSE,FALSE,,,False,,,,,,,JCranley,CellPhoneDBcore4.1
GABA_byGAD1_and_SLC6A6,P31641,Q99259,,,,FALSE,FALSE,TRUE,,FALSE,FALSE,,FALSE,FALSE,,,False,,,,,,,JCranley,CellPhoneDBcore4.1
GABA_byGAD1_and_SLC6A8,P48029,Q99259,,,,FALSE,FALSE,TRUE,,FALSE,FALSE,,FALSE,FALSE,,,False,,,,,,,JCranley,CellPhoneDBcore4.1
GABA_byGAD2_and_SLC32A1,Q9H598,Q05329,,,,FALSE,FALSE,TRUE,,FALSE,FALSE,,FALSE,FALSE,,,False,,,,,,,JCranley,CellPhoneDBcore4.1
GABA_byGAD2_and_SLC6A1,P30531,Q05329,,,,FALSE,FALSE,TRUE,,FALSE,FALSE,,FALSE,FALSE,,,False,,,,,,,JCranley,CellPhoneDBcore4.1
GABA_byGAD2_and_SLC6A11,P48066,Q05329,,,,FALSE,FALSE,TRUE,,FALSE,FALSE,,FALSE,FALSE,,,False,,,,,,,JCranley,CellPhoneDBcore4.1
GABA_byGAD2_and_SLC6A12,P48065,Q05329,,,,FALSE,FALSE,TRUE,,FALSE,FALSE,,FALSE,FALSE,,,False,,,,,,,JCranley,CellPhoneDBcore4.1
GABA_byGAD2_and_SLC6A13,Q9NSD5,Q05329,,,,FALSE,FALSE,TRUE,,FALSE,FALSE,,FALSE,FALSE,,,False,,,,,,,JCranley,CellPhoneDBcore4.1
GABA_byGAD2_and_SLC6A6,P31641,Q05329,,,,FALSE,FALSE,TRUE,,FALSE,FALSE,,FALSE,FALSE,,,False,,,,,,,JCranley,CellPhoneDBcore4.1
GABA_byGAD2_and_SLC6A8,P48029,Q05329,,,,FALSE,FALSE,TRUE,,FALSE,FALSE,,FALSE,FALSE,,,False,,,,,,,JCranley,CellPhoneDBcore4.1
GABA-A_a1b2_complex,P14867,P47870,,,,TRUE,FALSE,FALSE,,FALSE,TRUE,,FALSE,FALSE,,,False,,,,,,,JCranley,CellPhoneDBcore4.1
GABA-A_a1b2g2S_complex,P14867,P47870,P18507,,,TRUE,FALSE,FALSE,,FALSE,TRUE,,FALSE,FALSE,,,False,,,,,,,JCranley,CellPhoneDBcore4.1
GABA-A_a1b2d_complex,P14867,P47870,O14764,,,TRUE,FALSE,FALSE,,FALSE,TRUE,,FALSE,FALSE,,,False,,,,,,,JCranley,CellPhoneDBcore4.1
GABA-A_a1b3_complex,P14867,P28472,,,,TRUE,FALSE,FALSE,,FALSE,TRUE,,FALSE,FALSE,,,False,,,,,,,JCranley,CellPhoneDBcore4.1
GABA-A_a1b3g2S_complex,P14867,P28472,P18507,,,TRUE,FALSE,FALSE,,FALSE,TRUE,,FALSE,FALSE,,,False,,,,,,,JCranley,CellPhoneDBcore4.1
GABA-A_a2b3g2S_complex,P47869,P28472,P18507,,,TRUE,FALSE,FALSE,,FALSE,TRUE,,FALSE,FALSE,,,False,,,,,,,JCranley,CellPhoneDBcore4.1
GABA-A_a3b3g2S_complex,P34903,P28472,P18507,,,TRUE,FALSE,FALSE,,FALSE,TRUE,,FALSE,FALSE,,,False,,,,,,,JCranley,CellPhoneDBcore4.1
GABA-A_a3b3e_complex,P34903,P28472,P78334,,,TRUE,FALSE,FALSE,,FALSE,TRUE,,FALSE,FALSE,,,False,,,,,,,JCranley,CellPhoneDBcore4.1
GABA-A_a3b3o_complex,P34903,P28472,Q9UN88,,,TRUE,FALSE,FALSE,,FALSE,TRUE,,FALSE,FALSE,,,False,,,,,,,JCranley,CellPhoneDBcore4.1
GABA-A_a4b2d_complex,P48169,P47870,O14764,,,TRUE,FALSE,FALSE,,FALSE,TRUE,,FALSE,FALSE,,,False,,,,,,,JCranley,CellPhoneDBcore4.1
GABA-A_a4b3g2S_complex,P48169,P28472,P18507,,,TRUE,FALSE,FALSE,,FALSE,TRUE,,FALSE,FALSE,,,False,,,,,,,JCranley,CellPhoneDBcore4.1
GABA-A_a4b3d_complex,P48169,P28472,O14764,,,TRUE,FALSE,FALSE,,FALSE,TRUE,,FALSE,FALSE,,,False,,,,,,,JCranley,CellPhoneDBcore4.1
GABA-A_a5b3g2S_complex,P31644,P28472,P18507,,,TRUE,FALSE,FALSE,,FALSE,TRUE,,FALSE,FALSE,,,False,,,,,,,JCranley,CellPhoneDBcore4.1
GABA-A_a6b3g2S_complex,Q16445,P28472,P18507,,,TRUE,FALSE,FALSE,,FALSE,TRUE,,FALSE,FALSE,,,False,,,,,,,JCranley,CellPhoneDBcore4.1
GABA-A_a6b3d_complex,Q16445,P28472,O14764,,,TRUE,FALSE,FALSE,,FALSE,TRUE,,FALSE,FALSE,,,False,,,,,,,JCranley,CellPhoneDBcore4.1
Glutamate_byGLS_and_SLC17A6,Q9P2U8,O94925,,,,FALSE,FALSE,TRUE,,FALSE,FALSE,,FALSE,FALSE,,,False,,,,,,,JCranley,CellPhoneDBcore4.1
Glutamate_byGLS_and_SLC17A7,Q9P2U7,O94925,,,,FALSE,FALSE,TRUE,,FALSE,FALSE,,FALSE,FALSE,,,False,,,,,,,JCranley,CellPhoneDBcore4.1
Glutamate_byGLS_and_SLC17A8,Q8NDX2,O94925,,,,FALSE,FALSE,TRUE,,FALSE,FALSE,,FALSE,FALSE,,,False,,,,,,,JCranley,CellPhoneDBcore4.1
Glutamate_byGLS_and_SLC1A1,P43005,O94925,,,,FALSE,FALSE,TRUE,,FALSE,FALSE,,FALSE,FALSE,,,False,,,,,,,JCranley,CellPhoneDBcore4.1
Glutamate_byGLS_and_SLC1A2,P43004,O94925,,,,FALSE,FALSE,TRUE,,FALSE,FALSE,,FALSE,FALSE,,,False,,,,,,,JCranley,CellPhoneDBcore4.1
Glutamate_byGLS_and_SLC1A3,P43003,O94925,,,,FALSE,FALSE,TRUE,,FALSE,FALSE,,FALSE,FALSE,,,False,,,,,,,JCranley,CellPhoneDBcore4.1
Glutamate_byGLS_and_SLC1A6,P48664,O94925,,,,FALSE,FALSE,TRUE,,FALSE,FALSE,,FALSE,FALSE,,,False,,,,,,,JCranley,CellPhoneDBcore4.1
Glutamate_byGLS_and_SLC1A7,O00341,O94925,,,,FALSE,FALSE,TRUE,,FALSE,FALSE,,FALSE,FALSE,,,False,,,,,,,JCranley,CellPhoneDBcore4.1
Glutamate_byGLS2_and_SLC17A6,Q9P2U8,Q9UI32,,,,FALSE,FALSE,TRUE,,FALSE,FALSE,,FALSE,FALSE,,,False,,,,,,,JCranley,CellPhoneDBcore4.1
Glutamate_byGLS2_and_SLC17A7,Q9P2U7,Q9UI32,,,,FALSE,FALSE,TRUE,,FALSE,FALSE,,FALSE,FALSE,,,False,,,,,,,JCranley,CellPhoneDBcore4.1
Glutamate_byGLS2_and_SLC17A8,Q8NDX2,Q9UI32,,,,FALSE,FALSE,TRUE,,FALSE,FALSE,,FALSE,FALSE,,,False,,,,,,,JCranley,CellPhoneDBcore4.1
Glutamate_byGLS2_and_SLC1A1,P43005,Q9UI32,,,,FALSE,FALSE,TRUE,,FALSE,FALSE,,FALSE,FALSE,,,False,,,,,,,JCranley,CellPhoneDBcore4.1
Glutamate_byGLS2_and_SLC1A2,P43004,Q9UI32,,,,FALSE,FALSE,TRUE,,FALSE,FALSE,,FALSE,FALSE,,,False,,,,,,,JCranley,CellPhoneDBcore4.1
Glutamate_byGLS2_and_SLC1A3,P43003,Q9UI32,,,,FALSE,FALSE,TRUE,,FALSE,FALSE,,FALSE,FALSE,,,False,,,,,,,JCranley,CellPhoneDBcore4.1
Glutamate_byGLS2_and_SLC1A6,P48664,Q9UI32,,,,FALSE,FALSE,TRUE,,FALSE,FALSE,,FALSE,FALSE,,,False,,,,,,,JCranley,CellPhoneDBcore4.1
Glutamate_byGLS2_and_SLC1A7,O00341,Q9UI32,,,,FALSE,FALSE,TRUE,,FALSE,FALSE,,FALSE,FALSE,,,False,,,,,,,JCranley,CellPhoneDBcore4.1
Glutamate_Kainate_1_4_complex,P39086,Q16099,,,,TRUE,FALSE,FALSE,,FALSE,TRUE,,FALSE,FALSE,,,False,,,,,,,JCranley,CellPhoneDBcore4.1
Glutamate_Kainate_1_5_complex,P39086,Q16478,,,,TRUE,FALSE,FALSE,,FALSE,TRUE,,FALSE,FALSE,,,False,,,,,,,JCranley,CellPhoneDBcore4.1
Glutamate_Kainate_2_4_complex,Q13002,Q16099,,,,TRUE,FALSE,FALSE,,FALSE,TRUE,,FALSE,FALSE,,,False,,,,,,,JCranley,CellPhoneDBcore4.1
Glutamate_Kainate_2_5_complex,Q13002,Q16478,,,,TRUE,FALSE,FALSE,,FALSE,TRUE,,FALSE,FALSE,,,False,,,,,,,JCranley,CellPhoneDBcore4.1
Glutamate_Kainate_3_4_complex,Q13003,Q16099,,,,TRUE,FALSE,FALSE,,FALSE,TRUE,,FALSE,FALSE,,,False,,,,,,,JCranley,CellPhoneDBcore4.1
Glutamate_Kainate_3_5_complex,Q13003,Q16478,,,,TRUE,FALSE,FALSE,,FALSE,TRUE,,FALSE,FALSE,,,False,,,,,,,JCranley,CellPhoneDBcore4.1
Glutamate_NMDA_1_2A_complex,Q05586,Q12879,,,,TRUE,FALSE,FALSE,,FALSE,TRUE,,FALSE,FALSE,,,False,,,,,,,JCranley,CellPhoneDBcore4.1
Glutamate_NMDA_1_2B_complex,Q05586,Q13224,,,,TRUE,FALSE,FALSE,,FALSE,TRUE,,FALSE,FALSE,,,False,,,,,,,JCranley,CellPhoneDBcore4.1
Glutamate_NMDA_1_2C_complex,Q05586,Q14957,,,,TRUE,FALSE,FALSE,,FALSE,TRUE,,FALSE,FALSE,,,False,,,,,,,JCranley,CellPhoneDBcore4.1
Glutamate_NMDA_1_2D_complex,Q05586,O15399,,,,TRUE,FALSE,FALSE,,FALSE,TRUE,,FALSE,FALSE,,,False,,,,,,,JCranley,CellPhoneDBcore4.1
Glycine_bySHMT1_and_SLC6A5,Q9Y345,P34896,,,,FALSE,FALSE,TRUE,,FALSE,FALSE,,FALSE,FALSE,,,False,,,,,,,JCranley,CellPhoneDBcore4.1
Glycine_bySHMT1_and_SLC6A9,P48067,P34896,,,,FALSE,FALSE,TRUE,,FALSE,FALSE,,FALSE,FALSE,,,False,,,,,,,JCranley,CellPhoneDBcore4.1
Glycine_bySHMT2_and_SLC6A5,Q9Y345,P34897,,,,FALSE,FALSE,TRUE,,FALSE,FALSE,,FALSE,FALSE,,,False,,,,,,,JCranley,CellPhoneDBcore4.1
Glycine_bySHMT2_and_SLC6A9,P48067,P34897,,,,FALSE,FALSE,TRUE,,FALSE,FALSE,,FALSE,FALSE,,,False,,,,,,,JCranley,CellPhoneDBcore4.1
Glycine_a1b_complex,P23415,P48167,,,,TRUE,FALSE,FALSE,,FALSE,TRUE,,FALSE,FALSE,,,False,,,,,,,JCranley,CellPhoneDBcore4.1
Glycine_a2_complex,P23416,,,,,TRUE,FALSE,FALSE,,FALSE,TRUE,,FALSE,FALSE,,,False,,,,,,,JCranley,CellPhoneDBcore4.1
LTC4_byLTC4S,Q16873,,,,,FALSE,FALSE,TRUE,,FALSE,FALSE,,FALSE,FALSE,,,False,,,,,,,JCranley,CellPhoneDBcore4.1
LTD4_byGGT1,P19440,,,,,FALSE,FALSE,TRUE,,FALSE,FALSE,,FALSE,FALSE,,,False,,,,,,,JCranley,CellPhoneDBcore4.1
nAChR_(a1)2b1dg_complex,P02708,P11230,Q07001,P07510,,TRUE,FALSE,FALSE,,FALSE,TRUE,,FALSE,FALSE,,,False,,,,,,,JCranley,CellPhoneDBcore4.1
nAChR_(a1)2b1de_complex,P02708,P11230,Q07001,Q04844,,TRUE,FALSE,FALSE,,FALSE,TRUE,,FALSE,FALSE,,,False,,,,,,,JCranley,CellPhoneDBcore4.1
nAChR_a7_complex,P36544,,,,,TRUE,FALSE,FALSE,,FALSE,TRUE,,FALSE,FALSE,,,False,,,,,,,JCranley,CellPhoneDBcore4.1
Noradrenaline_byDBH_and_SLC6A2,P09172,P23975,,,,FALSE,FALSE,TRUE,,FALSE,FALSE,,FALSE,FALSE,,,False,,,,,,,JCranley,CellPhoneDBcore4.1
Noradrenaline_byDBH_and_SLC18A1,P09172,P54219,,,,FALSE,FALSE,TRUE,,FALSE,FALSE,,FALSE,FALSE,,,False,,,,,,,JCranley,CellPhoneDBcore4.1
Noradrenaline_byDBH_and_SLC18A2,P09172,Q05940,,,,FALSE,FALSE,TRUE,,FALSE,FALSE,,FALSE,FALSE,,,False,,,,,,,JCranley,CellPhoneDBcore4.1
NRXN1_CBLN1_complex,P58400,P23435,,,,TRUE,FALSE,FALSE,,FALSE,TRUE,,FALSE,FALSE,,,False,,,,,,,JCranley,CellPhoneDBcore4.1
PGD2_byPTGDS,P41222,,,,,FALSE,FALSE,TRUE,,FALSE,FALSE,,FALSE,FALSE,,,False,,,,,,,JCranley,CellPhoneDBcore4.1
TENM2_FLRT1_complex,Q9NT68,Q9NZU1,,,,TRUE,FALSE,FALSE,,FALSE,TRUE,,FALSE,FALSE,,,False,,,,,,,JCranley,CellPhoneDBcore4.1
TENM2_FLRT3_complex,Q9NT68,Q9NZU0,,,,TRUE,FALSE,FALSE,,FALSE,TRUE,,FALSE,FALSE,,,False,,,,,,,JCranley,CellPhoneDBcore4.1
TENM3_FLRT1_complex,Q9P273,Q9NZU1,,,,TRUE,FALSE,FALSE,,FALSE,TRUE,,FALSE,FALSE,,,False,,,,,,,JCranley,CellPhoneDBcore4.1
TENM3_FLRT3_complex,Q9P273,Q9NZU0,,,,TRUE,FALSE,FALSE,,FALSE,TRUE,,FALSE,FALSE,,,False,,,,,,,JCranley,CellPhoneDBcore4.1
TENM4_FLRT1_complex,Q6N022,Q9NZU1,,,,TRUE,FALSE,FALSE,,FALSE,TRUE,,FALSE,FALSE,,,False,,,,,,,JCranley,CellPhoneDBcore4.1
TENM4_FLRT3_complex,Q6N022,Q9NZU0,,,,TRUE,FALSE,FALSE,,FALSE,TRUE,,FALSE,FALSE,,,False,,,,,,,JCranley,CellPhoneDBcore4.1
hCGB1_complex,A6NKQ9,P01215,,,,FALSE,FALSE,TRUE,Hormone,TRUE,FALSE,,FALSE,FALSE,,,False,,,,,,,KTroule,CellPhoneDBcore4.1
hCGB2_complex,Q6NT52,P01215,,,,FALSE,FALSE,TRUE,Hormone,TRUE,FALSE,,FALSE,FALSE,,,False,,,,,,,KTroule,CellPhoneDBcore4.1
hCGB3_complex,P0DN86,P01215,,,,FALSE,FALSE,TRUE,Hormone,TRUE,FALSE,,FALSE,FALSE,,,False,,,,,,,KTroule,CellPhoneDBcore4.1
hCGB7_complex,P0DN87,P01215,,,,FALSE,FALSE,TRUE,Hormone,TRUE,FALSE,,FALSE,FALSE,,,False,,,,,,,KTroule,CellPhoneDBcore4.1
